{"mean":{"confidence_interval":{"confidence_level":0.95,"lower_bound":0.011997044793588358,"upper_bound":0.03160207433523094},"point_estimate":0.021463556444945686,"standard_error":0.005006667351597286},"median":{"confidence_interval":{"confidence_level":0.95,"lower_bound":0.010165051391808122,"upper_bound":0.026187666026678214},"point_estimate":0.018251659226447003,"standard_error":0.004094292289560358}}