{"mean":{"confidence_interval":{"confidence_level":0.95,"lower_bound":0.03338332026422443,"upper_bound":0.052491992263620335},"point_estimate":0.04283684656786524,"standard_error":0.004873859959625218},"median":{"confidence_interval":{"confidence_level":0.95,"lower_bound":0.031588785649739215,"upper_bound":0.04962348491146562},"point_estimate":0.04061208142063588,"standard_error":0.004672647025188652}}