{"mean":{"confidence_interval":{"confidence_level":0.95,"lower_bound":1786227310.43,"upper_bound":1825175841.0202498},"point_estimate":1804535940.65,"standard_error":9857412.841791619},"median":{"confidence_interval":{"confidence_level":0.95,"lower_bound":1773944256.0,"upper_bound":1788799466.0},"point_estimate":1782809095.5,"standard_error":3420992.6202515154},"median_abs_dev":{"confidence_interval":{"confidence_level":0.95,"lower_bound":27790865.781113505,"upper_bound":54055008.67203176},"point_estimate":38303119.3212837,"standard_error":7112770.942058697},"slope":null,"std_dev":{"confidence_interval":{"confidence_level":0.95,"lower_bound":67740830.08485222,"upper_bound":124714640.05129349},"point_estimate":98710551.86122105,"standard_error":14416998.345033456}}