{"mean":{"confidence_interval":{"confidence_level":0.95,"lower_bound":-0.00996199911475896,"upper_bound":0.020187622899741985},"point_estimate":0.0053349970735452334,"standard_error":0.00769456528188014},"median":{"confidence_interval":{"confidence_level":0.95,"lower_bound":0.0027419626300142497,"upper_bound":0.024462961511199977},"point_estimate":0.014615074352120283,"standard_error":0.005317599274377346}}