{"mean":{"confidence_interval":{"confidence_level":0.95,"lower_bound":-0.037635213721890944,"upper_bound":-0.010631707366642656},"point_estimate":-0.023967494184667038,"standard_error":0.006865478361034712},"median":{"confidence_interval":{"confidence_level":0.95,"lower_bound":-0.05126838215797869,"upper_bound":-0.02475330228143846},"point_estimate":-0.04202521376259949,"standard_error":0.006432255825517719}}