{"mean":{"confidence_interval":{"confidence_level":0.95,"lower_bound":0.02732903713096757,"upper_bound":0.0551870959863279},"point_estimate":0.040860019143931225,"standard_error":0.007118951062031823},"median":{"confidence_interval":{"confidence_level":0.95,"lower_bound":0.02478260803071497,"upper_bound":0.04306367398384414},"point_estimate":0.032535422457051766,"standard_error":0.004734437045675922}}