{"mean":{"confidence_interval":{"confidence_level":0.95,"lower_bound":0.0367827927865817,"upper_bound":0.06307774499050589},"point_estimate":0.050258011043333495,"standard_error":0.006615796957134025},"median":{"confidence_interval":{"confidence_level":0.95,"lower_bound":0.028462129105596645,"upper_bound":0.04361548676464013},"point_estimate":0.0355220884129146,"standard_error":0.003803030466434506}}