{"mean":{"confidence_interval":{"confidence_level":0.95,"lower_bound":775043998.61,"upper_bound":786895861.07},"point_estimate":780527568.935,"standard_error":3046781.627028516},"median":{"confidence_interval":{"confidence_level":0.95,"lower_bound":767261428.5,"upper_bound":775903823.0},"point_estimate":770848093.5,"standard_error":1994609.5599213568},"median_abs_dev":{"confidence_interval":{"confidence_level":0.95,"lower_bound":10358187.681305408,"upper_bound":18107571.321876347},"point_estimate":13705403.97478044,"standard_error":1879798.227438447},"slope":null,"std_dev":{"confidence_interval":{"confidence_level":0.95,"lower_bound":19401703.066875383,"upper_bound":40269498.86870512},"point_estimate":30635787.652921863,"standard_error":5257940.153841907}}