{"mean":{"confidence_interval":{"confidence_level":0.95,"lower_bound":0.036677082600357534,"upper_bound":0.05763920086862201},"point_estimate":0.04725330024184293,"standard_error":0.005348744342052835},"median":{"confidence_interval":{"confidence_level":0.95,"lower_bound":0.03148896615284236,"upper_bound":0.05778816434530576},"point_estimate":0.04120616499302976,"standard_error":0.0067604565826769394}}