{"mean":{"confidence_interval":{"confidence_level":0.95,"lower_bound":1780913100.41,"upper_bound":1807079355.435},"point_estimate":1792887923.245,"standard_error":6663918.517749979},"median":{"confidence_interval":{"confidence_level":0.95,"lower_bound":1768839375.0,"upper_bound":1784719348.25},"point_estimate":1777912655.75,"standard_error":3774134.732837646},"median_abs_dev":{"confidence_interval":{"confidence_level":0.95,"lower_bound":20271258.820313215,"upper_bound":32468499.8326689},"point_estimate":23537301.28262937,"standard_error":3263916.261636172},"slope":null,"std_dev":{"confidence_interval":{"confidence_level":0.95,"lower_bound":39222358.02732507,"upper_bound":88836422.73341851},"point_estimate":66566564.20241321,"standard_error":12560329.021608526}}